goal,count,pick count,win count,pick%,win%,median,sub 1:15,sub 1:15 rate
15 Different Skulltulas,4,6,3,150.0,50.0,1:21:10,1,16.7
6 Unused Keys in Gerudo Training Grounds,4,4,3,100.0,75.0,1:11:36,3,75.0
4 Compasses,6,6,3,100.0,50.0,1:15:18,3,50.0
Forest Medallion,2,2,1,100.0,50.0,1:21:47,1,50.0
Map & Compass in Deku Tree,3,3,2,100.0,66.7,1:13:28,2,66.7
Keaton Mask,6,5,2,83.3,40.0,1:32:02,0,0.0
Ice Cavern HP,5,4,2,80.0,50.0,1:17:10,1,25.0
Fairy Bow,9,7,3,77.8,42.9,1:21:00,2,28.6
Defeat all Lizalfos in Dodongo's Cavern,8,6,3,75.0,50.0,1:19:59,1,16.7
Giant's Knife,18,13,6,72.2,46.2,1:20:02,3,23.1
Defeat Queen Gohma,7,5,4,71.4,80.0,1:12:18,4,80.0
6 Compasses,14,10,3,71.4,30.0,1:22:32,1,10.0
Both HPs in Death Mountain Crater,14,10,5,71.4,50.0,1:25:41,1,10.0
3 Boots,14,10,6,71.4,60.0,1:29:30,2,20.0
2 Boss Keys,6,4,0,66.7,0.0,1:30:32,0,0.0
Clear 8 Silver Rupee Rooms,15,10,8,66.7,80.0,1:19:42,4,40.0
Nayru's Love,12,8,4,66.7,50.0,1:27:26,2,25.0
Fire Temple Boss Key,15,10,7,66.7,70.0,1:22:51,2,20.0
Requiem of Spirit,8,5,2,62.5,40.0,1:20:15,1,20.0
Gerudo's Card,8,5,1,62.5,20.0,1:25:44,1,20.0
Mirror Shield,8,5,3,62.5,60.0,1:25:55,0,0.0
Obtain all 5 Small Keys in Shadow Temple,18,11,6,61.1,54.5,1:13:21,7,63.6
Open 2 Boss Key Doors,5,3,1,60.0,33.3,1:51:23,0,0.0
6 Hearts,5,3,2,60.0,66.7,1:25:28,0,0.0
Lon Lon Ranch HP,15,9,6,60.0,66.7,1:19:53,2,22.2
Fire Medallion,15,9,4,60.0,44.4,1:38:52,2,22.2
Obtain all 8 Small Keys in Fire Temple,12,7,3,58.3,42.9,1:17:48,3,42.9
Two Fairy Spells,24,14,7,58.3,50.0,1:21:10,3,21.4
All 5 Skulltulas in Shadow Temple,26,15,7,57.7,46.7,1:27:51,2,13.3
Open 3 Gold Rupee Chests,21,12,6,57.1,50.0,1:25:44,2,16.7
Defeat Nabooru-Knuckle,7,4,0,57.1,0.0,1:37:51,0,0.0
Fairy Slingshot,7,4,1,57.1,25.0,1:20:17,1,25.0
Shadow Temple Boss Key,14,8,5,57.1,62.5,1:20:08,3,37.5
5 Maps,7,4,2,57.1,50.0,1:24:59,0,0.0
Silver Gauntlets,9,5,4,55.6,80.0,1:22:12,1,20.0
8 Hearts (no duping),27,15,10,55.6,66.7,1:13:48,8,53.3
Double Defense,9,5,4,55.6,80.0,1:12:43,3,60.0
3 Skulltulas in Water Temple,20,11,6,55.0,54.5,1:12:58,6,54.5
Beat the Water Temple,11,6,2,54.5,33.3,1:29:01,2,33.3
8 Songs,11,6,5,54.5,83.3,1:19:46,1,16.7
Map & Compass in Shadow Temple,11,6,3,54.5,50.0,1:27:57,2,33.3
1 Skulltula from each Child Dungeon,13,7,3,53.8,42.9,1:26:43,1,14.3
Quiver (40),17,9,6,52.9,66.7,1:25:21,2,22.2
10 Songs,33,17,9,51.5,52.9,1:26:11,3,17.6
5 Zora area HPs,14,7,5,50.0,71.4,1:20:41,2,28.6
Cow in House,10,5,3,50.0,60.0,1:15:30,2,40.0
Farore's Wind,8,4,2,50.0,50.0,1:19:37,1,25.0
3 Swords & 3 Tunics,10,5,1,50.0,20.0,1:31:08,0,0.0
Fill all 4 Bottle Slots,8,4,4,50.0,100.0,1:15:07,2,50.0
4 Unused Keys in Gerudo Training Grounds,8,4,3,50.0,75.0,1:12:17,3,75.0
All 5 Skulltulas in Dodongo's Cavern,8,4,3,50.0,75.0,1:28:39,0,0.0
All 4 Lost Woods area Skulltulas,8,4,1,50.0,25.0,1:27:51,0,0.0
Defeat Morpha,8,4,3,50.0,75.0,1:27:36,0,0.0
Iron Boots,4,2,1,50.0,50.0,1:52:37,0,0.0
Defeat Bongo-Bongo,4,2,0,50.0,0.0,1:26:01,0,0.0
3 Tunics & 3 Boots,2,1,0,50.0,0.0,1:46:40,0,0.0
Defeat Phantom Ganon,2,1,0,50.0,0.0,1:25:18,0,0.0
3 Boss Keys,2,1,1,50.0,100.0,1:21:28,0,0.0
Map & Compass in Bottom of the Well,14,7,4,50.0,57.1,1:34:30,1,14.3
Boomerang,2,1,0,50.0,0.0,1:52:01,0,0.0
All 5 Skulltulas in Fire Temple,30,15,10,50.0,66.7,1:19:34,3,20.0
9 Songs,21,10,7,47.6,70.0,1:21:19,3,30.0
5 Hearts,17,8,4,47.1,50.0,1:26:42,1,12.5
Forest Temple Boss Key,17,8,4,47.1,50.0,1:17:04,2,25.0
Get to the end of Shadow Trial,24,11,5,45.8,45.5,1:20:03,3,27.3
3 Shields,11,5,1,45.5,20.0,1:46:54,1,20.0
Both Rusty Switches in Spirit Temple,38,17,8,44.7,47.1,1:16:30,8,47.1
Beat Dodongo's Cavern,9,4,2,44.4,50.0,1:30:07,0,0.0
All 5 Skulltulas in Spirit Temple,9,4,4,44.4,100.0,1:13:57,3,75.0
7 Different Unused Keys in Gerudo Training Grounds,16,7,3,43.8,42.9,1:17:40,3,42.9
7 Hearts,16,7,2,43.8,28.6,1:21:36,2,28.6
30 Different Skulltulas,51,22,11,43.1,50.0,1:25:15,3,13.6
5 Unused Keys in Gerudo Training Grounds,7,3,2,42.9,66.7,1:34:38,0,0.0
4 Songs,7,3,0,42.9,0.0,1:40:30,0,0.0
All 3 Kokiri Forest area Skulltulas,7,3,3,42.9,100.0,1:11:59,2,66.7
Bullet Bag (50),7,3,2,42.9,66.7,1:15:55,1,33.3
Beat the Forest Temple,7,3,2,42.9,66.7,1:30:20,0,0.0
Defeat Meg (purple Poe),14,6,2,42.9,33.3,1:33:14,1,16.7
Silver Scale,24,10,6,41.7,60.0,1:20:28,4,40.0
Beat the Fire Temple,22,9,7,40.9,77.8,1:22:07,1,11.1
Defeat Big Octo,5,2,0,40.0,0.0,1:34:30,0,0.0
Ruto's Letter,5,2,1,40.0,50.0,1:15:27,1,50.0
Map & Compass in Fire Temple,5,2,2,40.0,100.0,1:20:31,1,50.0
"3 Swords, Tunics, Boots, and Shields",43,17,8,39.5,47.1,1:32:26,1,5.9
All 3 Elemental Arrows,33,13,7,39.4,53.8,1:21:03,3,23.1
Quiver (50),28,11,7,39.3,63.6,1:20:17,2,18.2
8 Different Unused Keys in Gerudo Training Grounds,18,7,3,38.9,42.9,1:16:30,3,42.9
Open All 6 Gold Rupee Chests,36,14,10,38.9,71.4,1:19:11,3,21.4
Defeat Barinade,13,5,3,38.5,60.0,1:16:49,1,20.0
1 Skulltula from each Adult Dungeon,37,14,9,37.8,64.3,1:17:46,6,42.9
7 Compasses,37,14,6,37.8,42.9,1:25:32,5,35.7
4 Skulltulas in Shadow Temple,16,6,4,37.5,66.7,1:24:54,1,16.7
All 3 Skulltulas in Ice Cavern,8,3,2,37.5,66.7,1:13:00,2,66.7
Defeat King Dodongo,8,3,2,37.5,66.7,1:17:19,1,33.3
Water Temple Boss Key,8,3,2,37.5,66.7,1:24:01,0,0.0
Beat the Spirit Temple,38,14,8,36.8,57.1,1:20:16,3,21.4
Lens of Truth,11,4,1,36.4,25.0,1:37:42,0,0.0
3 Shields & 3 Tunics,11,4,1,36.4,25.0,1:16:48,2,50.0
2 Skulltulas in Lon Lon Ranch,14,5,3,35.7,60.0,1:19:09,2,40.0
Defeat 4 Different Iron Knuckles,20,7,3,35.0,42.9,1:20:03,3,42.9
Bottled Fairy,9,3,2,33.3,66.7,1:21:48,1,33.3
Map & Compass in Spirit Temple,18,6,4,33.3,66.7,1:12:49,4,66.7
7 Maps,3,1,1,33.3,100.0,1:20:00,0,0.0
30 Deku Nuts,12,4,3,33.3,75.0,1:09:50,4,100.0
5 Compasses,6,2,2,33.3,100.0,1:17:44,0,0.0
Megaton Hammer,9,3,2,33.3,66.7,1:22:02,1,33.3
20 Different Skulltulas,9,3,0,33.3,0.0,1:46:02,0,0.0
Both Gerudo's Fortress area Skulltulas,9,3,2,33.3,66.7,1:09:48,2,66.7
Clear 4 Silver Rupee Rooms,6,2,1,33.3,50.0,1:15:32,1,50.0
Golden Gauntlets,3,1,0,33.3,0.0,1:18:20,0,0.0
Open 50 Rupee chest in Wasteland,9,3,2,33.3,66.7,1:18:42,1,33.3
Get Bombchu chest in Spirit Temple,6,2,2,33.3,100.0,1:12:55,2,100.0
Blue Potion,3,1,0,33.3,0.0,1:24:55,0,0.0
Giant's Wallet,3,1,1,33.3,100.0,1:14:40,1,100.0
Desert Colossus HP,6,2,1,33.3,50.0,1:30:12,0,0.0
Defeat Twinrova,19,6,2,31.6,33.3,1:21:00,0,0.0
3 Shields & 3 Boots,19,6,2,31.6,33.3,1:20:25,2,33.3
Free all 9 Gorons in Fire Temple,13,4,1,30.8,25.0,1:28:28,0,0.0
Open 3 Boss Key Doors,10,3,0,30.0,0.0,1:29:25,0,0.0
7 Songs,7,2,1,28.6,50.0,1:04:05,2,100.0
Longshot,14,4,2,28.6,50.0,1:39:39,0,0.0
3 Swords & 3 Boots,7,2,0,28.6,0.0,1:30:49,0,0.0
Bolero of Fire,14,4,3,28.6,75.0,1:20:06,1,25.0
4 Unused Keys in Forest Temple,7,2,2,28.6,100.0,1:14:23,2,100.0
Epona's Song,7,2,2,28.6,100.0,1:09:37,2,100.0
Stone of Agony,7,2,0,28.6,0.0,2:14:21,0,0.0
Zora Tunic,14,4,3,28.6,75.0,1:37:55,1,25.0
Defeat Volvagia,21,6,4,28.6,66.7,1:26:37,1,16.7
6 Maps,7,2,1,28.6,50.0,1:33:07,0,0.0
Goron Tunic,11,3,3,27.3,100.0,1:20:41,0,0.0
Bomb Bag (30),11,3,1,27.3,33.3,1:46:02,1,33.3
Open 5 Gold Rupee Chests,15,4,3,26.7,75.0,1:26:05,1,25.0
Get to the end of Water Trial,19,5,5,26.3,100.0,1:18:17,2,40.0
Goron Bracelet,23,6,2,26.1,33.3,1:42:06,0,0.0
Clear 10 Silver Rupee Rooms,31,8,4,25.8,50.0,1:27:41,2,25.0
4 Maps,4,1,0,25.0,0.0,1:52:01,0,0.0
7 Different Bottled Contents,4,1,1,25.0,100.0,1:25:21,0,0.0
Defeat a White Wolfos,4,1,1,25.0,100.0,1:31:17,0,0.0
Fire Arrows,4,1,1,25.0,100.0,1:41:35,0,0.0
Green Gauntlets,24,6,3,25.0,50.0,1:37:47,0,0.0
All 4 Lon-Lon Ranch area Skulltulas,8,2,0,25.0,0.0,1:42:20,0,0.0
Exactly 20 Deku Sticks,12,3,1,25.0,33.3,1:33:54,0,0.0
Double Magic,8,2,0,25.0,0.0,1:26:33,0,0.0
Spirit Temple Boss Key,12,3,1,25.0,33.3,1:34:38,0,0.0
All 4 Skulltulas in Jabu-Jabu,8,2,1,25.0,50.0,1:25:33,0,0.0
Exactly 30 Deku Sticks,20,5,2,25.0,40.0,1:15:11,2,40.0
Saria's Song,20,5,0,25.0,0.0,1:24:55,0,0.0
Blue Gauntlets,8,2,1,25.0,50.0,1:38:01,0,0.0
1 Unused Small Key in each Adult Dungeon,17,4,2,23.5,50.0,1:42:33,0,0.0
Beat the Deku Tree,13,3,2,23.1,66.7,1:30:13,0,0.0
All 5 Skulltulas in Water Temple,13,3,2,23.1,66.7,1:25:37,1,33.3
Water Medallion,9,2,2,22.2,100.0,1:15:45,1,50.0
Ganon's Castle Boss Key,18,4,1,22.2,25.0,1:25:04,0,0.0
All 4 Adult Skulltulas in Zora's Domain Area,9,2,0,22.2,0.0,1:27:00,0,0.0
9 Hearts (no duping),32,7,5,21.9,71.4,1:42:06,1,14.3
Map & Compass in Forest Temple,14,3,2,21.4,66.7,1:37:13,0,0.0
All 8 Death Mountain area Skulltulas,14,3,1,21.4,33.3,1:21:27,0,0.0
3 Tunics,14,3,2,21.4,66.7,1:25:56,0,0.0
All 3 Skulltulas in Bottom of the Well,19,4,2,21.1,50.0,1:18:41,2,50.0
Minuet of Forest,19,4,2,21.1,50.0,1:11:35,2,50.0
Get to the end of Fire Trial,5,1,0,20.0,0.0,1:21:47,0,0.0
Map & Compass in Dodongo's Cavern,10,2,0,20.0,0.0,1:38:05,0,0.0
Map & Compass in Ice Cavern,5,1,0,20.0,0.0,2:11:32,0,0.0
Get to the end of Forest Trial,10,2,1,20.0,50.0,1:23:55,0,0.0
Bullet Bag (40),5,1,0,20.0,0.0,1:44:37,0,0.0
Defeat Dark Link,5,1,0,20.0,0.0,2:16:05,0,0.0
Blue Fire,5,1,1,20.0,100.0,1:13:21,1,100.0
Defeat both Flare Dancers,5,1,0,20.0,0.0,1:20:15,0,0.0
Beat Jabu-Jabu's Belly,10,2,1,20.0,50.0,1:23:57,0,0.0
Map & Compass in Jabu-Jabu,5,1,0,20.0,0.0,1:09:51,1,100.0
All 4 Market area Skulltulas,21,4,1,19.0,25.0,1:20:26,0,0.0
All 5 Lake Hylia Skulltulas,21,4,4,19.0,100.0,1:11:04,3,75.0
All 4 Wasteland/ Colossus area Skulltulas,11,2,0,18.2,0.0,1:40:49,0,0.0
Defeat Amy (Green Poe),11,2,1,18.2,50.0,1:25:37,0,0.0
500 Rupees,6,1,0,16.7,0.0,1:20:17,0,0.0
Plant bean in Death Mountain Crater,6,1,1,16.7,100.0,1:15:55,0,0.0
37th Heart Piece (Child Fortress),6,1,1,16.7,100.0,1:30:59,0,0.0
7 Magic Beans,12,2,1,16.7,50.0,1:48:32,0,0.0
Beat the Shadow Temple,6,1,1,16.7,100.0,1:50:25,0,0.0
All 4 Gerudo Valley area Skulltulas,6,1,1,16.7,100.0,1:08:39,1,100.0
5 Magic Beans,13,2,2,15.4,100.0,1:18:47,1,50.0
Din's Fire,27,4,1,14.8,25.0,1:31:22,0,0.0
Bronze Gauntlets,14,2,1,14.3,50.0,1:12:39,2,100.0
All 5 Skulltulas in Forest Temple,7,1,0,14.3,0.0,1:37:56,0,0.0
3 Swords & 3 Shields,15,2,2,13.3,100.0,1:21:15,0,0.0
Defeat a Skull Kid,8,1,1,12.5,100.0,1:21:00,0,0.0
3 Unused Keys in Gerudo Training Grounds,8,1,1,12.5,100.0,1:11:00,1,100.0
Both HPs in Lost Woods,27,3,2,11.1,66.7,1:41:35,0,0.0
Win Bombchu Bowling Prize,9,1,0,11.1,0.0,1:36:48,0,0.0
All 4 Skulltulas in Deku Tree,9,1,1,11.1,100.0,1:31:17,0,0.0
Plant 5 Magic Beans,9,1,1,11.1,100.0,1:18:17,0,0.0
Both Hyrule Field area Skulltulas,10,1,1,10.0,100.0,1:23:55,0,0.0
Light Arrows,11,1,1,9.1,100.0,1:22:59,0,0.0
All 8 Kakariko area Skulltulas,12,1,0,8.3,0.0,nan,0,0.0
Ice Arrows,12,1,1,8.3,100.0,1:23:55,0,0.0
Obtain all 5 Small Keys in Forest Temple,13,1,0,7.7,0.0,1:19:09,0,0.0
Get to the end of Spirit Trial,13,1,1,7.7,100.0,1:09:05,1,100.0
Milk,8,0,0,0.0,0.0,nan,0,0.0
Get to the end of Light Trial,5,0,0,0.0,0.0,nan,0,0.0
All 4 Child Skulltulas in Zora's Domain Area,5,0,0,0.0,0.0,nan,0,0.0
All 8 Zora's Domain area Skulltulas,16,0,0,0.0,0.0,nan,0,0.0
Both Gerudo Valley HPs,6,0,0,0.0,0.0,nan,0,0.0
3 Lake Hylia Skulltulas,3,0,0,0.0,0.0,nan,0,0.0
Frog's HP,3,0,0,0.0,0.0,nan,0,0.0
3 Songs,4,0,0,0.0,0.0,nan,0,0.0
Map & Compass in Water Temple,12,0,0,0.0,0.0,nan,0,0.0
6 Songs,3,0,0,0.0,0.0,nan,0,0.0
